source_id,title,authors,publication_year,venue,doi,pmid,arxiv_id,other_identifier,source_url,pdf_url,local_path,access_date,license_type,license_url,usage_status,inclusion_status,inclusion_reason,exclusion_reason,expected_content_hash,source_type,study_type,population,intervention,comparator,outcome_notes,notes
glp1-gao-2022-semaglutide-meta-analysis,Efficacy and safety of semaglutide on weight loss in obese or overweight patients without diabetes: A systematic review and meta-analysis of randomized controlled trials,Xueqin Gao; Xiaoli Hua; Xu Wang; Wanbin Xu; Yu Zhang; Chen Shi; Ming Gu,2022,Frontiers in Pharmacology,10.3389/fphar.2022.935823,,,,https://www.frontiersin.org/journals/pharmacology/articles/10.3389/fphar.2022.935823/full,https://www.frontiersin.org/journals/pharmacology/articles/10.3389/fphar.2022.935823/pdf,fphar-2022-935823.pdf,2026-07-07,CC-BY,https://creativecommons.org/licenses/by/4.0/,approved_open_access,included,Supporting source: synthesized RCT evidence for semaglutide-associated weight loss in adults with overweight or obesity without diabetes.,,,paper,systematic_review_meta_analysis,Adults with obesity or overweight without diabetes,Semaglutide,Placebo,Body weight; BMI; waist circumference; categorical weight-loss thresholds; safety outcomes,Open access publisher PDF under Creative Commons Attribution License (CC BY); legally usable with attribution.
glp1-garvey-2022-step5,Two-year effects of semaglutide in adults with overweight or obesity: the STEP 5 trial,W. Timothy Garvey; Rachel L. Batterham; Meena Bhatta; Silvio Buscemi; Louise N. Christensen; Juan P. Frias; Esteban Jodar; Kristian Kandler; Georgia Rigas; Thomas A. Wadden; Sean Wharton; STEP 5 Study Group,2022,Nature Medicine,10.1038/s41591-022-02026-4,,,,https://www.nature.com/articles/s41591-022-02026-4,https://www.nature.com/articles/s41591-022-02026-4.pdf,s41591-022-02026-4.pdf,2026-07-07,CC-BY,https://creativecommons.org/licenses/by/4.0/,approved_open_access,included,Supporting source: long-term randomized trial evidence for sustained weight loss with continued semaglutide treatment.,,,paper,randomized_controlled_trial,Adults with obesity or overweight with at least one weight-related comorbidity and without diabetes,Once-weekly subcutaneous semaglutide 2.4 mg plus behavioral intervention,Placebo plus behavioral intervention,Two-year percentage body weight change; achievement of at least 5 percent weight loss; waist circumference; cardiometabolic outcomes; adverse events,Open access publisher PDF under Creative Commons Attribution 4.0 International License; legally usable with attribution.
glp1-ryan-2024-select-weight,Long-term weight loss effects of semaglutide in obesity without diabetes in the SELECT trial,Donna H. Ryan; Ildiko Lingvay; John Deanfield; Steven E. Kahn; Eric Barros; Bartolome Burguera; Helen M. Colhoun; Cintia Cercato; Dror Dicker; Deborah B. Horn; G. Kees Hovingh; Ole Kleist Jeppesen; Alexander Kokkinos; A. Michael Lincoff; Sebastian M. Meyhofer; Tugce Kalayci Oral; Jorge Plutzky; Andre P. van Beek; John P. H. Wilding; Robert F. Kushner,2024,Nature Medicine,10.1038/s41591-024-02996-7,,,,https://www.nature.com/articles/s41591-024-02996-7,https://www.nature.com/articles/s41591-024-02996-7.pdf,s41591-024-02996-7.pdf,2026-07-07,CC-BY,https://creativecommons.org/licenses/by/4.0/,approved_open_access,included,Supporting source: long-term SELECT trial weight and anthropometric outcomes in adults without diabetes.,,,paper,prespecified_trial_analysis,Adults with overweight or obesity and preexisting cardiovascular disease without diabetes,Once-weekly subcutaneous semaglutide 2.4 mg,Placebo,Long-term body weight change; waist circumference; waist-to-height ratio; BMI-category changes; safety and discontinuation,Open access publisher PDF under Creative Commons Attribution 4.0 International License; legally usable with attribution.
pmc-13371491,Intestinal gases as markers to study the diet-gut microbiota-host metabolism axis in humans and their relationship to metabolic health.,Gillian N F Larik; Emanuel E Canfora; Evert M van Schothorst; Ellen E Blaak,2026,Gut microbes,10.1080/19490976.2026.2701495,42444516,,PMC13371491,https://pmc.ncbi.nlm.nih.gov/articles/PMC13371491/,https://pmc-oa-opendata.s3.amazonaws.com/PMC13371491.1/PMC13371491.1.pdf?md5=124d5d61dc8232a86e42f92fea8132fd,PMC13371491.pdf,2026-07-23,CC BY,https://creativecommons.org/licenses/by/4.0/,approved_open_access,included,ALL_REQUIRED_RULES_PASSED,,sha256:7fbd0585331cbaf8e7b46c3fa413ebe25c593c117bd585c17b49dddb3369ddaf,paper,,,,,,Automated adjudication ruleset: m14-candidate-adjudication-v6
pmc-13360501,Christensenella massiliensis reduces kynurenine levels and alleviates obesity and related metabolic disorders in model mice.,MengXuan Du; Wenzhao Wang; Min-Zhi Jiang; Xin-Wei Sun; Lei Sun; Chang Liu; Shuang-Jiang Liu,2026,Gut microbes,10.1080/19490976.2026.2701382,42434935,,PMC13360501,https://pmc.ncbi.nlm.nih.gov/articles/PMC13360501/,https://pmc-oa-opendata.s3.amazonaws.com/PMC13360501.1/PMC13360501.1.pdf?md5=b6b5cf0422fe29ff69410bdbe721ca2f,PMC13360501.pdf,2026-07-23,CC BY,https://creativecommons.org/licenses/by/4.0/,approved_open_access,included,ALL_REQUIRED_RULES_PASSED,,sha256:1bfdbe3da89c701e5d889a6ae4c211198495abc8e1afad5654c50409048ba2eb,paper,,,,,,Automated adjudication ruleset: m14-candidate-adjudication-v6
pmc-13313273,"Effect of pasteurized Akkermansia muciniphila MucT on insulin sensitivity, body composition, and GLP-1 production in subjects with metabolic syndrome: impact of low baseline gut Akkermansia levels.",Peter Suenaert; Anneleen Segers; Leen Rymenans; Hélène Devroye; Janne Marie Moll; Patrice D Cani; Willem M de Vos,2026,Gut microbes,10.1080/19490976.2026.2690689,42343233,,PMC13313273,https://pmc.ncbi.nlm.nih.gov/articles/PMC13313273/,https://pmc-oa-opendata.s3.amazonaws.com/PMC13313273.1/PMC13313273.1.pdf?md5=3c64171a17ddcae42edbf344535630d4,PMC13313273.pdf,2026-07-23,CC BY,https://creativecommons.org/licenses/by/4.0/,approved_open_access,included,ALL_REQUIRED_RULES_PASSED,,sha256:a0076f3649ce89dff6ab6e8452ce0e5a8a43d3f6f0628fc92fa9fc6f20e58632,paper,,,,,,Automated adjudication ruleset: m14-candidate-adjudication-v6
pmc-13224698,12‑weeks fisetin supplementation and interval resistance with aerobic training: changes in Maresin‑1 and inflammatory markers in men with obesity: a randomized controlled trial.,Mehran Alipour; Ayoub Saeidi; Keyvan Hejazi; Ismail Laher; Hassane Zouhal,2026,Journal of the International Society of Sports Nutrition,10.1080/15502783.2026.2679718,42218768,,PMC13224698,https://pmc.ncbi.nlm.nih.gov/articles/PMC13224698/,https://pmc-oa-opendata.s3.amazonaws.com/PMC13224698.1/PMC13224698.1.pdf?md5=8cf54961a16f566ecaa0136873b4eb57,PMC13224698.pdf,2026-07-23,CC BY,https://creativecommons.org/licenses/by/4.0/,approved_open_access,included,ALL_REQUIRED_RULES_PASSED,,sha256:aa3e1f5720b32098602a9cef47c84aaa443c8d0d94b719fdeaea243b00972bd4,paper,,,,,,Automated adjudication ruleset: m14-candidate-adjudication-v6
pmc-13154983,Early postnatal antibiotic-associated gut microbiota alterations might promote long-term lipid metabolism via brown adipose tissue metabolic programming.,Huijing Liang; Fengling Jiang; Lei Ren; Xiaoting Li; Simou Wu; Jinxing Li; Liang Li; Xiaolei Ze; Xi Shen; Fang He,2026,Gut microbes,10.1080/19490976.2026.2665885,42083330,,PMC13154983,https://pmc.ncbi.nlm.nih.gov/articles/PMC13154983/,https://pmc-oa-opendata.s3.amazonaws.com/PMC13154983.1/PMC13154983.1.pdf?md5=94d31a7a2340bc1479fcfea9111b4b53,PMC13154983.pdf,2026-07-23,CC BY,https://creativecommons.org/licenses/by/4.0/,approved_open_access,included,ALL_REQUIRED_RULES_PASSED,,sha256:68fce9e3dd80363983adb8e856435efb567037baaa42ee568053d22a2bcf6ef0,paper,,,,,,Automated adjudication ruleset: m14-candidate-adjudication-v6
pmc-13108366,Gut microbiome and metabolic health: mechanisms and precision interventions.,Zhengrui Li; Sudeshna Samui; Ji'an Liu; Yang Yang; Xue Liu; Qingyu Chen; Jing Li; Divya Gopinath; Peng Luo; Dan Shan,2026,Gut microbes,10.1080/19490976.2026.2644677,42015346,,PMC13108366,https://pmc.ncbi.nlm.nih.gov/articles/PMC13108366/,https://pmc-oa-opendata.s3.amazonaws.com/PMC13108366.1/PMC13108366.1.pdf?md5=75cd532496fe7d5de070797c2fe86eae,PMC13108366.pdf,2026-07-23,CC BY,https://creativecommons.org/licenses/by/4.0/,approved_open_access,included,ALL_REQUIRED_RULES_PASSED,,sha256:d50d5ca6bbee2d31a60b71a0146b21f9a5d405b307694d8105e96a556ac9c61b,paper,,,,,,Automated adjudication ruleset: m14-candidate-adjudication-v6
pmc-13102036,Exercise intensity as a modulator of gut microbiota and host metabolic health in obesity.,Diana Combs; Krista Landeros; Kiara Garza; Hushyar Azari; Mostafa Abdelrahman; Kembra Albracht-Schulte,2026,Gut microbes,10.1080/19490976.2026.2661415,42010766,,PMC13102036,https://pmc.ncbi.nlm.nih.gov/articles/PMC13102036/,https://pmc-oa-opendata.s3.amazonaws.com/PMC13102036.1/PMC13102036.1.pdf?md5=07e9a6ebaad7c3aa6783bc316c61de0c,PMC13102036.pdf,2026-07-23,CC BY,https://creativecommons.org/licenses/by/4.0/,approved_open_access,included,ALL_REQUIRED_RULES_PASSED,,sha256:8816c8d18952368fba37930c3f743591142a33912568eead50cc4a3835da5c77,paper,,,,,,Automated adjudication ruleset: m14-candidate-adjudication-v6
pmc-13037441,Dysregulated eating behaviour and microbiota-based interventions targeting eating disorders and food addiction.,Solveiga Samulėnaitė; Jan Rodriguez Parkitna; Daiva Baltriukienė; Elena Martín-García; Rafael Maldonado; Aurelijus Burokas,2026,Gut microbes,10.1080/19490976.2026.2647535,41906418,,PMC13037441,https://pmc.ncbi.nlm.nih.gov/articles/PMC13037441/,https://pmc-oa-opendata.s3.amazonaws.com/PMC13037441.1/PMC13037441.1.pdf?md5=cd9177fbfab1f83b741e41cc5a978277,PMC13037441.pdf,2026-07-23,CC BY,https://creativecommons.org/licenses/by/4.0/,approved_open_access,included,ALL_REQUIRED_RULES_PASSED,,sha256:6459d146d28c40e7f604d9444f834d6dcecc62a632f453ff1c7d17bd0414a335,paper,,,,,,Automated adjudication ruleset: m14-candidate-adjudication-v6
pmc-13003885,"Gut microbiome in type 2 diabetes: insights from metagenomics, multi-omics, and diet-microbe interactions.",Yu Zhang; Dong D Wang,2026,Gut microbes,10.1080/19490976.2026.2644682,41845564,,PMC13003885,https://pmc.ncbi.nlm.nih.gov/articles/PMC13003885/,https://pmc-oa-opendata.s3.amazonaws.com/PMC13003885.1/PMC13003885.1.pdf?md5=cb7a18d6d8a6b3bd6c150c537e031583,PMC13003885.pdf,2026-07-23,CC BY,https://creativecommons.org/licenses/by/4.0/,approved_open_access,included,ALL_REQUIRED_RULES_PASSED,,sha256:4d91b06db4a6c547b472bfd587a62450ae3aea8420b7772551f66a7f81a80238,paper,,,,,,Automated adjudication ruleset: m14-candidate-adjudication-v6
pmc-12951659,From food to alcohol: exploring psychosocial drivers of post-bariatric alcohol use.,Elizabeth Sharpe; Daniel Frings; Kerry Wood,2026,International journal of qualitative studies on health and well-being,10.1080/17482631.2026.2632736,41757780,,PMC12951659,https://pmc.ncbi.nlm.nih.gov/articles/PMC12951659/,https://pmc-oa-opendata.s3.amazonaws.com/PMC12951659.1/PMC12951659.1.pdf?md5=8d06da77c510c0c3830aebeab0a3bfc7,PMC12951659.pdf,2026-07-23,CC BY,https://creativecommons.org/licenses/by/4.0/,approved_open_access,included,ALL_REQUIRED_RULES_PASSED,,sha256:26a2a2c87b4883adab45d30d080b5243336105b37f823d150b2e6083ac9151de,paper,,,,,,Automated adjudication ruleset: m14-candidate-adjudication-v6
pmc-12928648,The role of gut microbes in production of aromatic carboxaldehydes.,Manish Kumar; Rachel Son; Sarah M Preston; Robert W P Glowacki; Kelley M Carr; Jiyeon Kim; Jin Z Ma; Philip P Ahern; Jan Claesen; Naseer Sangwan; Florian Rieder; Ina Nemet,2026,Gut microbes,10.1080/19490976.2026.2632979,41723571,,PMC12928648,https://pmc.ncbi.nlm.nih.gov/articles/PMC12928648/,https://pmc-oa-opendata.s3.amazonaws.com/PMC12928648.1/PMC12928648.1.pdf?md5=6dee422d79c38a8c5c53c94d8347713e,PMC12928648.pdf,2026-07-23,CC BY,https://creativecommons.org/licenses/by/4.0/,approved_open_access,included,ALL_REQUIRED_RULES_PASSED,,sha256:f147cf2b92aa3a38d7b56316066f6b1bb976a4369487124339c1449df2f965c8,paper,,,,,,Automated adjudication ruleset: m14-candidate-adjudication-v6
pmc-12758192,Gut‒heart axis: emerging therapies targeting trimethylamine N-oxide production.,Efrain Ricardo Torres; Jennifer Wilcox; W H Wilson Tang,2026,Gut microbes,10.1080/19490976.2025.2604868,41454643,,PMC12758192,https://pmc.ncbi.nlm.nih.gov/articles/PMC12758192/,https://pmc-oa-opendata.s3.amazonaws.com/PMC12758192.1/PMC12758192.1.pdf?md5=db770efa2e85927453503ea6a032344b,PMC12758192.pdf,2026-07-23,CC BY,https://creativecommons.org/licenses/by/4.0/,approved_open_access,included,ALL_REQUIRED_RULES_PASSED,,sha256:e08c500d9dece7153e7a8b923ecf0a298d20d3e91a1b3c8a1b464a2c4ecf4f1a,paper,,,,,,Automated adjudication ruleset: m14-candidate-adjudication-v6
pmc-13321041,"A narrative review on the interplay between interstitial lung disease and obstructive sleep apnea: Mechanisms, clinical implications, and management strategies.",Nesrin Ocal; Baran Balcan; Yüksel Peker,2026,Sleep medicine: X,10.1016/j.sleepx.2026.100191,42388462,,PMC13321041,https://pmc.ncbi.nlm.nih.gov/articles/PMC13321041/,https://pmc-oa-opendata.s3.amazonaws.com/PMC13321041.1/PMC13321041.1.pdf?md5=45134f09bd11214c6365450478514136,PMC13321041.pdf,2026-07-23,CC BY,https://creativecommons.org/licenses/by/4.0/,approved_open_access,included,ALL_REQUIRED_RULES_PASSED,,sha256:24a2cf04d4d235e22911a29a10d6ac5ab14efe895eae537437e4ae0eec059c5c,paper,,,,,,Automated adjudication ruleset: m14-candidate-adjudication-v6
pmc-13380532,Peptide-functionalized nanoemulsions with exendin-4 as a model ligand.,Natasa Holler; Bernd Gesslbauer; Carmen Tam-Amersdorfer; Ilse Letofsky-Papst; Claudia Mayrhofer; Fritz Andreae; Andreas Zimmer,2026,International journal of pharmaceutics: X,10.1016/j.ijpx.2026.100598,42472074,,PMC13380532,https://pmc.ncbi.nlm.nih.gov/articles/PMC13380532/,https://pmc-oa-opendata.s3.amazonaws.com/PMC13380532.1/PMC13380532.1.pdf?md5=6b07a363a2d45f67009db2f4158f925b,PMC13380532.pdf,2026-07-23,CC BY,https://creativecommons.org/licenses/by/4.0/,approved_open_access,included,ALL_REQUIRED_RULES_PASSED,,sha256:6ec11cee18bcf0453a3e9b87931a5fda5cb5f33cb6da59dd355abcf0e5fc8afe,paper,,,,,,Automated adjudication ruleset: m14-candidate-adjudication-v6
pmc-13366639,Efficacy and safety of SGLT2 inhibitors in elderly patients with type 2 diabetes.,Chieh-Sen Chuang; Chew-Teng Kor; Shu-Yi Wang; Ying-Lin Hsu,2026,Annals of medicine,10.1080/07853890.2026.2696636,42439602,,PMC13366639,https://pmc.ncbi.nlm.nih.gov/articles/PMC13366639/,https://pmc-oa-opendata.s3.amazonaws.com/PMC13366639.1/PMC13366639.1.pdf?md5=b0042b5d0f1cb760d894ba50adba7619,PMC13366639.pdf,2026-07-23,CC BY,https://creativecommons.org/licenses/by/4.0/,approved_open_access,included,ALL_REQUIRED_RULES_PASSED,,sha256:0e6291702d8e428e58fad8ad28ef59b0ee99c3013864dd359a5cdab8c8adecb7,paper,,,,,,Automated adjudication ruleset: m14-candidate-adjudication-v6
pmc-13292312,"The impact of multiple long-term conditions on mortality, progression to kidney failure and health-related quality of life among people with chronic kidney disease: a multicentre cohort study (NURTuRE-CKD).",Irene Boateng; Thomas Phillips; Scott Harris; Olalekan Lee Aiyegbusi; Paul Cockwell; Philip A Kalra; Thomas McDonnell; Beth Lucas; Paul J Roderick; David C Wheeler; Maarten W Taal; Simon D S Fraser,2026,Annals of medicine,10.1080/07853890.2026.2692812,42334309,,PMC13292312,https://pmc.ncbi.nlm.nih.gov/articles/PMC13292312/,https://pmc-oa-opendata.s3.amazonaws.com/PMC13292312.1/PMC13292312.1.pdf?md5=d39cc3de5f01a52ad569571042155fc6,PMC13292312.pdf,2026-07-23,CC BY,https://creativecommons.org/licenses/by/4.0/,approved_open_access,included,ALL_REQUIRED_RULES_PASSED,,sha256:cf88f9552201e9d85ea7d02ab5dc4d8ae5b34ddb0f16d4f33902763971266487,paper,,,,,,Automated adjudication ruleset: m14-candidate-adjudication-v6
pmc-13195706,Bibliometric analysis of SGLT2 inhibitor treatment for diabetic kidney disease.,Dan Hu; Liangmei Chen; Ruolan Mai; Tingmin Gao; Baozhang Guan,2026,Renal failure,10.1080/0886022X.2026.2667611,42167310,,PMC13195706,https://pmc.ncbi.nlm.nih.gov/articles/PMC13195706/,https://pmc-oa-opendata.s3.amazonaws.com/PMC13195706.1/PMC13195706.1.pdf?md5=be57f8cb88da9f3d6aa848a4e52e125a,PMC13195706.pdf,2026-07-23,CC BY,https://creativecommons.org/licenses/by/4.0/,approved_open_access,included,ALL_REQUIRED_RULES_PASSED,,sha256:2a5f7fb70c3b565f32c4f68be072058593b58c7e1c8e4abc393a0a805122eb01,paper,,,,,,Automated adjudication ruleset: m14-candidate-adjudication-v6
pmc-13097182,Comparative evaluation of oxidative stress biomarkers F2-isoprostanes and 8-OHdG in Parkinson's disease and Type 2 Diabetes Mellitus: a systematic review and meta-analysis of human studies.,Samwel Sylvester Msigwa; Maiko Charles Mkwambe; Qiu-Yan Yu; Shi-Guo Zhu; Jian-Hong Zhu; Xiong Zhang; Jian-Yong Wang,2026,Annals of medicine,10.1080/07853890.2026.2654251,42003321,,PMC13097182,https://pmc.ncbi.nlm.nih.gov/articles/PMC13097182/,https://pmc-oa-opendata.s3.amazonaws.com/PMC13097182.1/PMC13097182.1.pdf?md5=e105afada6aae63a7e9b715fd718920b,PMC13097182.pdf,2026-07-23,CC BY,https://creativecommons.org/licenses/by/4.0/,approved_open_access,included,ALL_REQUIRED_RULES_PASSED,,sha256:b53fc48de3ed091be77b79f16fb18a5e610d88ce7042b8cdb83ad86bac6bb86b,paper,,,,,,Automated adjudication ruleset: m14-candidate-adjudication-v6
pmc-13094292,GLP-1 receptor agonists in stroke prevention: a narrative review on emerging therapeutic frontiers.,Rahul Chikatimalla; Ashka Shah; Twinkle Shah; Griffin Perry; Himanshi Banker; Kanishk Aggarwal; Rohit Jain,2026,Annals of medicine,10.1080/07853890.2026.2660386,41999297,,PMC13094292,https://pmc.ncbi.nlm.nih.gov/articles/PMC13094292/,https://pmc-oa-opendata.s3.amazonaws.com/PMC13094292.1/PMC13094292.1.pdf?md5=b8e1e1db2e3ec6ece4aa2a9447619b33,PMC13094292.pdf,2026-07-23,CC BY,https://creativecommons.org/licenses/by/4.0/,approved_open_access,included,ALL_REQUIRED_RULES_PASSED,,sha256:5e7b0eea161eaf0f06d998bb1690242aa2bf6e448e6200528b935f932d95a4ee,paper,,,,,,Automated adjudication ruleset: m14-candidate-adjudication-v6
pmc-13094288,Lifestyle interventions to prevent gestational and type 2 diabetes among migrant women from low- and middle-income countries: a systematic review.,Blessing Jaka Akombi-Inyang; Shirin Mumu; Azeb Gebresilassie Tesema; Dafna Merom,2026,Global health action,10.1080/16549716.2026.2658925,41995444,,PMC13094288,https://pmc.ncbi.nlm.nih.gov/articles/PMC13094288/,https://pmc-oa-opendata.s3.amazonaws.com/PMC13094288.1/PMC13094288.1.pdf?md5=e47ebf69182a9594665d924510f7b1f5,PMC13094288.pdf,2026-07-23,CC BY,https://creativecommons.org/licenses/by/4.0/,approved_open_access,included,ALL_REQUIRED_RULES_PASSED,,sha256:fa029ba9e0de48dbe9c5a6fa11a9c164d1dac54854b5a6c6346bb89120b7eb00,paper,,,,,,Automated adjudication ruleset: m14-candidate-adjudication-v6
pmc-13084838,Prognostic implications of single antiplatelet therapy in individuals developing diabetic foot disease with concurrent peripheral arterial disease.,Cheng-Wei Lin; Yu-Yao Huang; Chia-Hung Lin; Chung-Huei Huang; Shih-Yuan Hung; I-Wen Chen; Yi-Chia Chen; Pi-Hua Liu,2026,Annals of medicine,10.1080/07853890.2026.2653300,41981998,,PMC13084838,https://pmc.ncbi.nlm.nih.gov/articles/PMC13084838/,https://pmc-oa-opendata.s3.amazonaws.com/PMC13084838.1/PMC13084838.1.pdf?md5=f0d5aafccf91c1a7e1458815881f5853,PMC13084838.pdf,2026-07-23,CC BY,https://creativecommons.org/licenses/by/4.0/,approved_open_access,included,ALL_REQUIRED_RULES_PASSED,,sha256:5ab7af0ed3b26d781e7d80769966ef2355bea9a39ad4a323099a10d8cb1e5652,paper,,,,,,Automated adjudication ruleset: m14-candidate-adjudication-v6
pmc-13072694,Healthcare cost trajectories with a multidisciplinary team model: a three-year follow-up from Finnish primary and secondary care.,Elisa Jokelin; Laura Piirainen; Mette Nissen; Erja Mustonen; Paulus Torkki,2026,Scandinavian journal of primary health care,10.1080/02813432.2026.2650552,41965256,,PMC13072694,https://pmc.ncbi.nlm.nih.gov/articles/PMC13072694/,https://pmc-oa-opendata.s3.amazonaws.com/PMC13072694.1/PMC13072694.1.pdf?md5=e788594b4d2c3801993c9e06998c3899,PMC13072694.pdf,2026-07-23,CC BY,https://creativecommons.org/licenses/by/4.0/,approved_open_access,included,ALL_REQUIRED_RULES_PASSED,,sha256:7f53740689e0487ea5161db7a439f1bc6c4f867cb51f6af7fb387e2d57d10d51,paper,,,,,,Automated adjudication ruleset: m14-candidate-adjudication-v6
pmc-13072688,Emerging roles of ATP citrate lyase in kidney diseases: from pathogenic driver to therapeutic target.,Mengjiao Wei; Mina Tao; Huifang Tan; Zhiyuan Jin; Yiya Yang; Zheng Xiao; Guoli Li; Yinyin Chen,2026,Renal failure,10.1080/0886022X.2026.2652826,41958067,,PMC13072688,https://pmc.ncbi.nlm.nih.gov/articles/PMC13072688/,https://pmc-oa-opendata.s3.amazonaws.com/PMC13072688.1/PMC13072688.1.pdf?md5=c52211b90011add0d89cd9c1f538a110,PMC13072688.pdf,2026-07-23,CC BY,https://creativecommons.org/licenses/by/4.0/,approved_open_access,included,ALL_REQUIRED_RULES_PASSED,,sha256:168832e09cf438309c346a3f44b28042cf7cab04d329c7048bf4fb3f32dbd83e,paper,,,,,,Automated adjudication ruleset: m14-candidate-adjudication-v6
pmc-12990268,Cardiovascular risk equations in type 1 diabetes: from generic models to personalized prediction.,Tonet Serés-Noriega; Irene Aguilo-Lafarga; Verónica Perea; Clara Viñals; Antonio J Amor,2026,Annals of medicine,10.1080/07853890.2026.2642404,41823135,,PMC12990268,https://pmc.ncbi.nlm.nih.gov/articles/PMC12990268/,https://pmc-oa-opendata.s3.amazonaws.com/PMC12990268.1/PMC12990268.1.pdf?md5=edddae3634e2b20d761e8cdb702e288d,PMC12990268.pdf,2026-07-23,CC BY,https://creativecommons.org/licenses/by/4.0/,approved_open_access,included,ALL_REQUIRED_RULES_PASSED,,sha256:19bba4ebaf6a90916e5a20fb1b9df75315eb3153c60e3d4396d3fb84859b036a,paper,,,,,,Automated adjudication ruleset: m14-candidate-adjudication-v6
pmc-12951684,Changes in hemoglobin levels and cardiometabolic health in adults with metabolic syndrome - a secondary outcome analysis of a six-month randomized controlled trial.,Jasmina Gassner; Jooa Norha; Tanja Sjöros; Taru Garthwaite; Tiia Koivula; Saara Laine; Mikko Koivumäki; Henri Vähä-Ypyä; Petri Kallio; Maria Saarenhovi; Eliisa Löyttyniemi; Harri Sievänen; Noora Houttu; Kirsi Laitinen; Kari K Kalliokoski; Tommi Vasankari; Peppi Koivunen; Juhani Knuuti; Ilkka Heinonen,2026,Annals of medicine,10.1080/07853890.2026.2635205,41762060,,PMC12951684,https://pmc.ncbi.nlm.nih.gov/articles/PMC12951684/,https://pmc-oa-opendata.s3.amazonaws.com/PMC12951684.1/PMC12951684.1.pdf?md5=eb2f89fc98317aa710e873bc9d9bbbda,PMC12951684.pdf,2026-07-23,CC BY,https://creativecommons.org/licenses/by/4.0/,approved_open_access,included,ALL_REQUIRED_RULES_PASSED,,sha256:b3a491b05b4dbcdfdfe061c205a77dab2f84ba831a2c8f7e86c5d4063b9bb35a,paper,,,,,,Automated adjudication ruleset: m14-candidate-adjudication-v6
pmc-12879501,The diagnostic yield of a structured comorbidity workup in a real-life outpatient population with obstructive sleep apnea: a cross-sectional study.,Xiaolei Zhang; Huan Tang; Teng Han; Yiming Li; Linfan Su,2026,Annals of medicine,10.1080/07853890.2026.2622175,41640204,,PMC12879501,https://pmc.ncbi.nlm.nih.gov/articles/PMC12879501/,https://pmc-oa-opendata.s3.amazonaws.com/PMC12879501.1/PMC12879501.1.pdf?md5=0cf4a0727d87751ab43b172d151db680,PMC12879501.pdf,2026-07-23,CC BY,https://creativecommons.org/licenses/by/4.0/,approved_open_access,included,ALL_REQUIRED_RULES_PASSED,,sha256:c185c371c5ee48cde4d417c3a1cdd66c6b62825a49b9f209cbee2f4f11ccb7dd,paper,,,,,,Automated adjudication ruleset: m14-candidate-adjudication-v6
pmc-12865853,Association of SGLT2 inhibitors use with a lower risk of biliary diseases in patients with type 2 diabetes mellitus: a retrospective cohort study.,Ming Gao; Qiuyu Lin; Kaiyue Hu; Bei Zhong; Tingyi Zhu; Zheng Gong; Kaini Zhang; Xiaoli Chen; Xinyu Chen; Ying Zhang; Yangyang Li; Shaowen Tang; Dongming Su; Xiubin Liang; Yu Liu,2026,Annals of medicine,10.1080/07853890.2026.2619263,41622960,,PMC12865853,https://pmc.ncbi.nlm.nih.gov/articles/PMC12865853/,https://pmc-oa-opendata.s3.amazonaws.com/PMC12865853.1/PMC12865853.1.pdf?md5=3e2b3a2705884eb0d1deed0efe55bbe7,PMC12865853.pdf,2026-07-23,CC BY,https://creativecommons.org/licenses/by/4.0/,approved_open_access,included,ALL_REQUIRED_RULES_PASSED,,sha256:d889654e0f92f5a949920ec5fe37d70fd4252180be76112dbe38640e1371111f,paper,,,,,,Automated adjudication ruleset: m14-candidate-adjudication-v6
pmc-12862870,"Premature coronary artery disease in women: sex-specific risk factors, pathogenetic mechanisms and clinical implications.",Fei Li; Dan Hong; Mei Yang; Zhilin Pang; Haolin Xi; Qingyuan Zhang; Chuanchang Li; Long Mo; Liming Peng,2026,Annals of medicine,10.1080/07853890.2026.2613563,41614676,,PMC12862870,https://pmc.ncbi.nlm.nih.gov/articles/PMC12862870/,https://pmc-oa-opendata.s3.amazonaws.com/PMC12862870.1/PMC12862870.1.pdf?md5=ae5133c2e15770edb1a2b365723ab6db,PMC12862870.pdf,2026-07-23,CC BY,https://creativecommons.org/licenses/by/4.0/,approved_open_access,included,ALL_REQUIRED_RULES_PASSED,,sha256:c45efb1c3a825249b868c047a092d137fbb837705e31984a4a552e4606746edf,paper,,,,,,Automated adjudication ruleset: m14-candidate-adjudication-v6
pmc-12795267,Lack of receptor for advanced glycation end products attenuates obesity-induced adipose tissue senescence in mice.,Zuoqin Du; Jiaqi Wu; Tao Zhang; Xiaoyu Ma; Ziyu Li; Jin Xu; Jingcan You; Ni Chen; Jianbo Wu,2026,Adipocyte,10.1080/21623945.2025.2611481,41510997,,PMC12795267,https://pmc.ncbi.nlm.nih.gov/articles/PMC12795267/,https://pmc-oa-opendata.s3.amazonaws.com/PMC12795267.1/PMC12795267.1.pdf?md5=2698f1b5e16826b94c1e0cd8991436a1,PMC12795267.pdf,2026-07-23,CC BY,https://creativecommons.org/licenses/by/4.0/,approved_open_access,included,ALL_REQUIRED_RULES_PASSED,,sha256:5d4af94b1f3bdf6510f308a9d79f74e6b144ccd4a7ca58764ff59540411e970e,paper,,,,,,Automated adjudication ruleset: m14-candidate-adjudication-v6
pmc-12784637,"Challenges and barriers in managing Type 2 diabetes: insights from a qualitative study of patients' experiences at a university hospital in Qassim, Saudi Arabia.",Andrew Dumale Ngo; Mohammed Bien Kulintang; Talal Ali F Alharbi; Rasha Mohammed Hussein; Hani Al-Najjar; Fadhel Majed Alharbi; Metab Algeffari; Yara H Sawan,2026,Global health action,10.1080/16549716.2025.2591543,41504720,,PMC12784637,https://pmc.ncbi.nlm.nih.gov/articles/PMC12784637/,https://pmc-oa-opendata.s3.amazonaws.com/PMC12784637.1/PMC12784637.1.pdf?md5=cad4e28b2d21cef9d5b41b53862f5cee,PMC12784637.pdf,2026-07-23,CC BY,https://creativecommons.org/licenses/by/4.0/,approved_open_access,included,ALL_REQUIRED_RULES_PASSED,,sha256:cfa1bcb72748d3f5b34cf66b16b7097cc4760aa106df8dbe9d066803fa07d46b,paper,,,,,,Automated adjudication ruleset: m14-candidate-adjudication-v6
pmc-12784643,The gut microbiota-obesity axis in the pathogenesis and prognosis of breast cancer.,Huiyue Zhang; Yue Wang; Benyi Ning; Yiwen Wang; Tao Sun; Junnan Xu,2026,Annals of medicine,10.1080/07853890.2025.2611203,41503829,,PMC12784643,https://pmc.ncbi.nlm.nih.gov/articles/PMC12784643/,https://pmc-oa-opendata.s3.amazonaws.com/PMC12784643.1/PMC12784643.1.pdf?md5=0268c1f2b151ec9971135109196f0688,PMC12784643.pdf,2026-07-23,CC BY,https://creativecommons.org/licenses/by/4.0/,approved_open_access,included,ALL_REQUIRED_RULES_PASSED,,sha256:5a3cc87d16fb856c0eeab26b29ec4eaa20cb0c313820a1f3d68a5c0ded37b160,paper,,,,,,Automated adjudication ruleset: m14-candidate-adjudication-v6
pmc-12777878,"The ketogenic diet is not for everyone: contraindications, side effects, and drug interactions.",Damian Dyńka; Łukasz Rodzeń; Mateusz Rodzeń; Dorota Łojko; Hanna Karakuła-Juchnowicz; Georgia Ede; Żaneta Grzywacz; Katarzyna Antosik; Shebani Sethi; David Unwin,2026,Annals of medicine,10.1080/07853890.2025.2603016,41486865,,PMC12777878,https://pmc.ncbi.nlm.nih.gov/articles/PMC12777878/,https://pmc-oa-opendata.s3.amazonaws.com/PMC12777878.1/PMC12777878.1.pdf?md5=11f5eeb93995befc8654f6609c0b061d,PMC12777878.pdf,2026-07-23,CC BY,https://creativecommons.org/licenses/by/4.0/,approved_open_access,included,ALL_REQUIRED_RULES_PASSED,,sha256:1f1c0d0d610da98754e2e95f784692da6a69a25783c25aafa7f6d00bd344f3f6,paper,,,,,,Automated adjudication ruleset: m14-candidate-adjudication-v6
pmc-12777819,Treatment preference for once-weekly versus once-daily DPP-4 inhibitors in patients with type 2 diabetes mellitus: a systematic review and meta-analysis of randomized controlled trials.,Xingxing Xie; Yu Chen; Pei Wang; Ming Hu,2026,Annals of medicine,10.1080/07853890.2025.2603036,41454522,,PMC12777819,https://pmc.ncbi.nlm.nih.gov/articles/PMC12777819/,https://pmc-oa-opendata.s3.amazonaws.com/PMC12777819.1/PMC12777819.1.pdf?md5=d2e3d1b8a4a656b08dca20e89d61cbe7,PMC12777819.pdf,2026-07-23,CC BY,https://creativecommons.org/licenses/by/4.0/,approved_open_access,included,ALL_REQUIRED_RULES_PASSED,,sha256:4119a40c773f26a94b567a474ba78328b8a452bf238af5334a85e5aa598d13a6,paper,,,,,,Automated adjudication ruleset: m14-candidate-adjudication-v6
pmc-12777808,Worldwide prevalence of haemorrhoids: a systematic review and meta-analysis.,Amin Esmaeilnia Shirvani; Kimia Pakdaman; Zahra Maleki; Soroush Soraneh; Fatemeh Rezaei Chegini; Kasra Pakdaman; Mohebat Vali; Hossein-Ali Nikbakht; Layla Shojaie; Pouyan Ebrahimi,2026,Annals of medicine,10.1080/07853890.2025.2606433,41450176,,PMC12777808,https://pmc.ncbi.nlm.nih.gov/articles/PMC12777808/,https://pmc-oa-opendata.s3.amazonaws.com/PMC12777808.1/PMC12777808.1.pdf?md5=f17f7c858d46c023244506ee97e5e473,PMC12777808.pdf,2026-07-23,CC BY,https://creativecommons.org/licenses/by/4.0/,approved_open_access,included,ALL_REQUIRED_RULES_PASSED,,sha256:8d4e726aea1b592cd97175a8be617aafbb3ec822c6938dfb039760cbfbdec4ab,paper,,,,,,Automated adjudication ruleset: m14-candidate-adjudication-v6
pmc-12918358,Association of glycemic control and chronic kidney disease with hospitalization in type 2 diabetes in a cross-sectional study in Region Halland.,Bertin Magamba; Junmei Miao Jonasson; Björn Agvall,2026,Scandinavian journal of primary health care,10.1080/02813432.2025.2591340,41324947,,PMC12918358,https://pmc.ncbi.nlm.nih.gov/articles/PMC12918358/,https://pmc-oa-opendata.s3.amazonaws.com/PMC12918358.1/PMC12918358.1.pdf?md5=afd917a876841f7285df971779cb925d,PMC12918358.pdf,2026-07-23,CC BY,https://creativecommons.org/licenses/by/4.0/,approved_open_access,included,ALL_REQUIRED_RULES_PASSED,,sha256:205c91673460deeab15d7c2008b564db851de579c55ae9758e0d36472cef1898,paper,,,,,,Automated adjudication ruleset: m14-candidate-adjudication-v6
pmc-12918315,Comparing measured and reported change in gastrointestinal symptoms after initiation of metformin treatment: a questionnaire validation study.,Peder Af Geijerstam; Marika Wenemark; Bledar Daka; Stefan Jansson; Kenny Kalin; Olov Rolandsson; Karin Rådholm,2026,Scandinavian journal of primary health care,10.1080/02813432.2025.2592696,41283789,,PMC12918315,https://pmc.ncbi.nlm.nih.gov/articles/PMC12918315/,https://pmc-oa-opendata.s3.amazonaws.com/PMC12918315.1/PMC12918315.1.pdf?md5=1596914fb383e67eabe0969f4e6a62cb,PMC12918315.pdf,2026-07-23,CC BY,https://creativecommons.org/licenses/by/4.0/,approved_open_access,included,ALL_REQUIRED_RULES_PASSED,,sha256:fbf3ae68955de9812f9746259b4ed1fd36ea9c4dbcc1287052dd0e5b6f2657fa,paper,,,,,,Automated adjudication ruleset: m14-candidate-adjudication-v6
pmc-12918306,Acute uncomplicated urinary tract infections and subsequent type 2 diabetes diagnosis in women: a national cohort study including primary healthcare data.,Filip Jansåker; Xinjun Li; Ola Ekström; Henning Stenberg; Kristina Sundquist,2026,Scandinavian journal of primary health care,10.1080/02813432.2025.2580905,41195988,,PMC12918306,https://pmc.ncbi.nlm.nih.gov/articles/PMC12918306/,https://pmc-oa-opendata.s3.amazonaws.com/PMC12918306.1/PMC12918306.1.pdf?md5=b6d990f4c61dc5495bfbe583ff4ed9b8,PMC12918306.pdf,2026-07-23,CC BY,https://creativecommons.org/licenses/by/4.0/,approved_open_access,included,ALL_REQUIRED_RULES_PASSED,,sha256:aae3b253656037085a4a8791da555b30f4d6e7ac938ea5de960acfeb64288c3d,paper,,,,,,Automated adjudication ruleset: m14-candidate-adjudication-v6
pmc-12918313,Experiences of contacts with diabetes care professionals among people with type 2 diabetes in an urban Swedish setting.,J Thylefors; M Annersten Gershater; E Mangrio; S Zdravkovic,2026,Scandinavian journal of primary health care,10.1080/02813432.2025.2572514,41085247,,PMC12918313,https://pmc.ncbi.nlm.nih.gov/articles/PMC12918313/,https://pmc-oa-opendata.s3.amazonaws.com/PMC12918313.1/PMC12918313.1.pdf?md5=a6630535057cf8d7cc3bc7c8c67e3320,PMC12918313.pdf,2026-07-23,CC BY,https://creativecommons.org/licenses/by/4.0/,approved_open_access,included,ALL_REQUIRED_RULES_PASSED,,sha256:7c68968988e328530f0f4f2b1eb8808a68e53eef0374ff821703847f1245b316,paper,,,,,,Automated adjudication ruleset: m14-candidate-adjudication-v6
pmc-12918370,Conflicts of interest and industry funding declared in systematic reviews of interventions for six common diagnoses.,Marek Czajkowski; Louise Olsson,2026,Scandinavian journal of primary health care,10.1080/02813432.2025.2519660,40576421,,PMC12918370,https://pmc.ncbi.nlm.nih.gov/articles/PMC12918370/,https://pmc-oa-opendata.s3.amazonaws.com/PMC12918370.1/PMC12918370.1.pdf?md5=d5782add443eca37c15324cbaa6d57ad,PMC12918370.pdf,2026-07-23,CC BY,https://creativecommons.org/licenses/by/4.0/,approved_open_access,included,ALL_REQUIRED_RULES_PASSED,,sha256:86b7bfca03d525e5f4e8af5c8e91dc105a7c7fa85d0d0224622c8ac4d6a6040a,paper,,,,,,Automated adjudication ruleset: m14-candidate-adjudication-v6
pmc-12918328,Facilitating access to mental healthcare for patients with long-term conditions in general practice: a qualitative collective case study.,Amanda Nikolajew Rasmussen; Viola Burau; Helle Terkildsen Maindal; Healthy Mind Study Group,2026,Scandinavian journal of primary health care,10.1080/02813432.2025.2516497,40500915,,PMC12918328,https://pmc.ncbi.nlm.nih.gov/articles/PMC12918328/,https://pmc-oa-opendata.s3.amazonaws.com/PMC12918328.1/PMC12918328.1.pdf?md5=8852562b1dd31579caace7b87048df16,PMC12918328.pdf,2026-07-23,CC BY,https://creativecommons.org/licenses/by/4.0/,approved_open_access,included,ALL_REQUIRED_RULES_PASSED,,sha256:8409498652c4444ecfe7fffe607cc057905c2e650bf755158ea8eec4fbb7a978,paper,,,,,,Automated adjudication ruleset: m14-candidate-adjudication-v6
pmc-13355569,De Garengeot's hernia: A rare presentation of acute appendicitis and challenging preoperative diagnosis.,Peter Vo; Rishma Gattu; Rishabh Gattu,2026,Radiology case reports,10.1016/j.radcr.2026.06.058,42437157,,PMC13355569,https://pmc.ncbi.nlm.nih.gov/articles/PMC13355569/,https://pmc-oa-opendata.s3.amazonaws.com/PMC13355569.1/PMC13355569.1.pdf?md5=9532695a57cc2960ef79c9d520cf4d55,PMC13355569.pdf,2026-07-23,CC BY,https://creativecommons.org/licenses/by/4.0/,approved_open_access,included,ALL_REQUIRED_RULES_PASSED,,sha256:8c7e72ac9ac053e359f1537dd7502aad17aac052a378844540b3060910e0d91c,paper,,,,,,Automated adjudication ruleset: m14-candidate-adjudication-v6
pmc-13334816,"Changes in food cravings, dietary quality, body composition, and dietary intake during GLP-1 receptor agonist therapy: The CRAVE study.",Demsina Babazadeh; Stephanie Therrien; Angela K Fitch; Francene M Steinberg,2026,Obesity pillars,10.1016/j.obpill.2026.100292,42440974,,PMC13334816,https://pmc.ncbi.nlm.nih.gov/articles/PMC13334816/,https://pmc-oa-opendata.s3.amazonaws.com/PMC13334816.1/PMC13334816.1.pdf?md5=5f68b134392cc3d0021c3484a2c1a75e,PMC13334816.pdf,2026-07-23,CC BY,https://creativecommons.org/licenses/by/4.0/,approved_open_access,included,ALL_REQUIRED_RULES_PASSED,,sha256:16b0510d2c8cb8b768f601f7366f9ced408c89faa7e568597c8a7748e79d9d01,paper,,,,,,Automated adjudication ruleset: m14-candidate-adjudication-v6
pmc-13355407,Understanding reasons for initiation and experience with tirzepatide among individuals with obesity or overweight: Results from the PERCEPTIONS survey.,Theresa Hunter Gibble; Harriet Makin; Claire Gerber; Catherine Bottomley; Xuanyao He; Sara Pisani; Michael Shepherd; Elizabeth Collins; Angela Golden; Harold Bays,2026,Obesity pillars,10.1016/j.obpill.2026.100288,42436850,,PMC13355407,https://pmc.ncbi.nlm.nih.gov/articles/PMC13355407/,https://pmc-oa-opendata.s3.amazonaws.com/PMC13355407.1/PMC13355407.1.pdf?md5=310985b47a8c6fe5c59c0b05b2713f14,PMC13355407.pdf,2026-07-23,CC BY,https://creativecommons.org/licenses/by/4.0/,approved_open_access,included,ALL_REQUIRED_RULES_PASSED,,sha256:270333ecdff95f47997053bc235dd16d4a3510fd84debaa43ee4cb8eb3943933,paper,,,,,,Automated adjudication ruleset: m14-candidate-adjudication-v6
pmc-13351396,Direct effects of glucagon-like Peptide-1 receptor agonists on mitochondrial function in human-derived in vitro models: A systematic review and meta-analysis.,Zoe Lee Greenblatt; Atena Tork; Ivy Cruz; Erik D Fausak; Huy-An Tran; Mahima Krovidy; Cecilia Giulivi,2026,Metabolism open,10.1016/j.metop.2026.100484,42434480,,PMC13351396,https://pmc.ncbi.nlm.nih.gov/articles/PMC13351396/,https://pmc-oa-opendata.s3.amazonaws.com/PMC13351396.1/PMC13351396.1.pdf?md5=a3eeb78f70a54d24518649a179df73ce,PMC13351396.pdf,2026-07-23,CC BY,https://creativecommons.org/licenses/by/4.0/,approved_open_access,included,ALL_REQUIRED_RULES_PASSED,,sha256:253a53a0e03071b50d3ce91962bf600288c4c19c493ff30af872c9a5e78f2975,paper,,,,,,Automated adjudication ruleset: m14-candidate-adjudication-v6
pmc-13354874,Transforming multimorbidity care: Organizational barriers and provider behaviour in type 2 diabetes and cardiovascular disease.,Jessica Emily Brown; Frederick Kanayo Umeh; Robyn Lotto; Reda Madroumi; Ian Jones; Amineh Rashidi; Lisa Newson,2026,British journal of health psychology,10.1111/bjhp.70091,42433013,,PMC13354874,https://pmc.ncbi.nlm.nih.gov/articles/PMC13354874/,https://pmc-oa-opendata.s3.amazonaws.com/PMC13354874.1/PMC13354874.1.pdf?md5=0418f2e578c15dd56c4ef90653b6f375,PMC13354874.pdf,2026-07-23,CC BY,https://creativecommons.org/licenses/by/4.0/,approved_open_access,included,ALL_REQUIRED_RULES_PASSED,,sha256:a9e800457456790da889937e9d9e5c47da9f25a840d96857bfb51054af012708,paper,,,,,,Automated adjudication ruleset: m14-candidate-adjudication-v6
pmc-13378586,Endocrine‑metabolic imbalance drives osteoarthritis: From whole‑joint pathobiology to precision therapy (Review).,Ruhui Yang; Haimin Zeng; Qi Xiao; Yining Xie; Yi Long; Xiang Chen,2026,International journal of molecular medicine,10.3892/ijmm.2026.5923,42429052,,PMC13378586,https://pmc.ncbi.nlm.nih.gov/articles/PMC13378586/,https://pmc-oa-opendata.s3.amazonaws.com/PMC13378586.1/PMC13378586.1.pdf?md5=0fc422d22a647f7baa37e78d9b6e407d,PMC13378586.pdf,2026-07-23,CC BY,https://creativecommons.org/licenses/by/4.0/,approved_open_access,included,ALL_REQUIRED_RULES_PASSED,,sha256:138de8094a88957d28a97aefdf931dd5406437bd6e60ae6d16c330492e4e6ab4,paper,,,,,,Automated adjudication ruleset: m14-candidate-adjudication-v6
pmc-13330616,Outcomes of standardized drain-free abdominoplasty after massive weight loss: A retrospective analysis of 2533 post-bariatric patients.,Ciro Borriello; Simona Barone; Gerardo Borriello; Maria Spagnuolo; Vincenzo Pilone; Antonio Vitiello,2026,JPRAS open,10.1016/j.jpra.2026.04.005,42405306,,PMC13330616,https://pmc.ncbi.nlm.nih.gov/articles/PMC13330616/,https://pmc-oa-opendata.s3.amazonaws.com/PMC13330616.1/PMC13330616.1.pdf?md5=2f98648f7f355ec8faef84af5f28712d,PMC13330616.pdf,2026-07-23,CC BY,https://creativecommons.org/licenses/by/4.0/,approved_open_access,included,ALL_REQUIRED_RULES_PASSED,,sha256:014e43fe563b82f1263b8efbb1ab7c3af65045239082869653bf7f03f283f79a,paper,,,,,,Automated adjudication ruleset: m14-candidate-adjudication-v6
pmc-13320505,Aesthetic surgery complications in private practice settings: Insights to optimize patient access and outcomes.,Nina Yu; Scott Levin; Granger Wong,2026,JPRAS open,10.1016/j.jpra.2026.05.052,42389219,,PMC13320505,https://pmc.ncbi.nlm.nih.gov/articles/PMC13320505/,https://pmc-oa-opendata.s3.amazonaws.com/PMC13320505.1/PMC13320505.1.pdf?md5=ef9b917fcc05e9890a45d7099efc7e59,PMC13320505.pdf,2026-07-23,CC BY,https://creativecommons.org/licenses/by/4.0/,approved_open_access,included,ALL_REQUIRED_RULES_PASSED,,sha256:53ccde7709cf0cd50d5237a36094924caa216072c509ada9d26d56bb452840eb,paper,,,,,,Automated adjudication ruleset: m14-candidate-adjudication-v6
pmc-13320546,Impact of tirzepatide on systemic arterial stiffness assessed by cardio-ankle vascular index in individuals with obesity complicated by type 2 diabetes: A retrospective cohort study in Japan.,Daiji Nagayama; Miwako Wakamatsu; Yasuhiro Watanabe; Maika Ikeda; Yuta Koshikawa; Osamu Horikawa; Sayaka Tsuji; Kohji Shirai; Atsuhito Saiki,2026,Obesity pillars,10.1016/j.obpill.2026.100291,42388688,,PMC13320546,https://pmc.ncbi.nlm.nih.gov/articles/PMC13320546/,https://pmc-oa-opendata.s3.amazonaws.com/PMC13320546.1/PMC13320546.1.pdf?md5=2f0973cbe0a2a3e52b88321c8422038e,PMC13320546.pdf,2026-07-23,CC BY,https://creativecommons.org/licenses/by/4.0/,approved_open_access,included,ALL_REQUIRED_RULES_PASSED,,sha256:ab3fd927557856a1a8a91cb582cd9060f3aecc6351f003449849a2d9ba7a870f,paper,,,,,,Automated adjudication ruleset: m14-candidate-adjudication-v6
pmc-13272577,Effects of lifestyle and glucagon-like Peptide-1 receptor agonist-based therapies on waist circumference: A systematic review and meta-analysis.,S Ghosal; A Ghosal,2026,Obesity pillars,10.1016/j.obpill.2026.100281,42318161,,PMC13272577,https://pmc.ncbi.nlm.nih.gov/articles/PMC13272577/,https://pmc-oa-opendata.s3.amazonaws.com/PMC13272577.1/PMC13272577.1.pdf?md5=2516a5b6bde1ae50069a1a836a2674fa,PMC13272577.pdf,2026-07-23,CC BY,https://creativecommons.org/licenses/by/4.0/,approved_open_access,included,ALL_REQUIRED_RULES_PASSED,,sha256:45858481e81561cf1707963220e55b4c1eddd7fb8d9e536beb86ee3b95132065,paper,,,,,,Automated adjudication ruleset: m14-candidate-adjudication-v6
pmc-13273884,Planned vaginal birth with epidural analgesia in obese women: Effects on maternal and fetal outcomes. A retrospective cohort study.,Ewout C van der Wal; Johannes J Duvekot; Llse J J Dons-Sinke; Robert J Stolker; Sanne E Hoeks; Caroline D van der Marel,2026,European journal of obstetrics & gynecology and reproductive biology: X,10.1016/j.eurox.2026.100466,42317580,,PMC13273884,https://pmc.ncbi.nlm.nih.gov/articles/PMC13273884/,https://pmc-oa-opendata.s3.amazonaws.com/PMC13273884.1/PMC13273884.1.pdf?md5=839018e70324038c92e9fa42ec54500d,PMC13273884.pdf,2026-07-23,CC BY,https://creativecommons.org/licenses/by/4.0/,approved_open_access,included,ALL_REQUIRED_RULES_PASSED,,sha256:c91727853573599687b0f83584008f83fb7170a29636f46def7f1b1e797a98c1,paper,,,,,,Automated adjudication ruleset: m14-candidate-adjudication-v6
pmc-13262153,Subcapsular hepatic hematoma after extracorporeal shock wave lithotripsy for ureteral stone successfully treated with transarterial embolization: A case report.,Daisuke Fujimori; Sakiko Hiraki; Julia Hamasaki; Shogo Shirane; Songhyon Cho; Fumie Sato; Yoshiaki Ichinose,2026,Radiology case reports,10.1016/j.radcr.2026.05.008,42293502,,PMC13262153,https://pmc.ncbi.nlm.nih.gov/articles/PMC13262153/,https://pmc-oa-opendata.s3.amazonaws.com/PMC13262153.1/PMC13262153.1.pdf?md5=88f395f39c2ca4299b05ba395dd27d0a,PMC13262153.pdf,2026-07-23,CC BY,https://creativecommons.org/licenses/by/4.0/,approved_open_access,included,ALL_REQUIRED_RULES_PASSED,,sha256:a37be8de64a94ae0bdf7071354d8bebfe5351bf1a2683506db5631344c7ea908,paper,,,,,,Automated adjudication ruleset: m14-candidate-adjudication-v6
pmc-13254229,Diabetes-related barriers to cancer screening in women with type 2 diabetes: A qualitative interview study.,Rebecca Spencer; Georgina Jones; Siobhán McHugh; Ramzi A Ajjan; Rebecca J Birch; Laura Ashley,2026,British journal of health psychology,10.1111/bjhp.70088,42272106,,PMC13254229,https://pmc.ncbi.nlm.nih.gov/articles/PMC13254229/,https://pmc-oa-opendata.s3.amazonaws.com/PMC13254229.1/PMC13254229.1.pdf?md5=4395be0a9664803b983a1f1cc17e29a7,PMC13254229.pdf,2026-07-23,CC BY,https://creativecommons.org/licenses/by/4.0/,approved_open_access,included,ALL_REQUIRED_RULES_PASSED,,sha256:802ec6eea857ada177c07eac465776fcb0122b060d683b4ddbf5ca45dcb0f32b,paper,,,,,,Automated adjudication ruleset: m14-candidate-adjudication-v6
pmc-13235319,Virtual shared medical appointments for obesity and GLP-1 medications: A scalable method for optimizing care delivery.,Jacob Mirsky; Olayemi Olubowale; Ryan M Kane,2026,Obesity pillars,10.1016/j.obpill.2026.100277,42254478,,PMC13235319,https://pmc.ncbi.nlm.nih.gov/articles/PMC13235319/,https://pmc-oa-opendata.s3.amazonaws.com/PMC13235319.1/PMC13235319.1.pdf?md5=ebfb4eb9ab4f7b5ec85194598fe6cf4f,PMC13235319.pdf,2026-07-23,CC BY,https://creativecommons.org/licenses/by/4.0/,approved_open_access,included,ALL_REQUIRED_RULES_PASSED,,sha256:aa974faa04fe2ccd565f5304014cdaf755c7e395ab37ef5e2823adcb7cdd35f4,paper,,,,,,Automated adjudication ruleset: m14-candidate-adjudication-v6
pmc-13226149,Obesity accelerates aging: Mechanisms and therapeutic implications.,Rui Zhang; Linlin Liu; Xiaoman Shi; Yanming Ren,2026,Genes & diseases,10.1016/j.gendis.2025.101980,42238310,,PMC13226149,https://pmc.ncbi.nlm.nih.gov/articles/PMC13226149/,https://pmc-oa-opendata.s3.amazonaws.com/PMC13226149.1/PMC13226149.1.pdf?md5=76d2fac144c599a58d148b475905c0ce,PMC13226149.pdf,2026-07-23,CC BY,https://creativecommons.org/licenses/by/4.0/,approved_open_access,included,ALL_REQUIRED_RULES_PASSED,,sha256:a4f5443319d43fc981fbed35799c4e24192ac759775ccd485ffb055027b04ce2,paper,,,,,,Automated adjudication ruleset: m14-candidate-adjudication-v6
pmc-13376848,The evolving therapeutic landscape of gut-pancreatic peptide signalling in metabolic disorders: from mono- to multi-agonist therapies.,Mohan Patil; Federico Piccinini; Elizabeth K M Johnstone; Ilaria Casari; Marco Falasca,2026,Bioscience reports,10.1042/BSR20250114,42307179,,PMC13376848,https://pmc.ncbi.nlm.nih.gov/articles/PMC13376848/,https://pmc-oa-opendata.s3.amazonaws.com/PMC13376848.1/PMC13376848.1.pdf?md5=f8bf5bae91b80b75f650d63e1787f679,PMC13376848.pdf,2026-07-23,CC BY,https://creativecommons.org/licenses/by/4.0/,approved_open_access,included,ALL_REQUIRED_RULES_PASSED,,sha256:c32d6bfec64a4bbf868be65120adf7e4735f3b8b22be41690fe20f3534fc1195,paper,,,,,,Automated adjudication ruleset: m14-candidate-adjudication-v6
pmc-13284623,"Sensitive Period Analysis of Adulthood BMI and Cancer Risk: An Individual Participant Data Meta-Analysis of Over 720,000 Participants in the ABACus 2 Consortium.",Nadin K Hawwash; Matthew Sperrin; Glen P Martin; Rashmi Sinha; Charles E Matthews; Matthias B Schulze; Anouk Hiensch; Pilar Amiano; Marian L Neuhouser; Corinne E Joshu; Elizabeth A Platz; Heinz Freisling; Marc J Gunter; Andrew G Renehan,2026,International journal of cancer,10.1002/ijc.70464,41952250,,PMC13284623,https://pmc.ncbi.nlm.nih.gov/articles/PMC13284623/,https://pmc-oa-opendata.s3.amazonaws.com/PMC13284623.1/PMC13284623.1.pdf?md5=5912dd251fc9fc40f71f41608af5347e,PMC13284623.pdf,2026-07-23,CC BY,https://creativecommons.org/licenses/by/4.0/,approved_open_access,included,ALL_REQUIRED_RULES_PASSED,,sha256:48e39c2eb27feae7fb887fa979fd3daad17d55eb49ab017233b23f8ff4915126,paper,,,,,,Automated adjudication ruleset: m14-candidate-adjudication-v6
pmc-13380974,Optimizing Goal Difficulty in a Digital Weight Loss Intervention: The Ignite Pilot Randomized Trial.,Michele L Patel; John A Gallis; Amanda B Zeitlin; Phoebe C Crosthwaite; Annalisa W Lim; Kayla A Collins; Marily A Oppezzo; Lisa G Rosas,2026,Obesity science & practice,10.1002/osp4.70175,42473633,,PMC13380974,https://pmc.ncbi.nlm.nih.gov/articles/PMC13380974/,https://pmc-oa-opendata.s3.amazonaws.com/PMC13380974.1/PMC13380974.1.pdf?md5=8373a3e01ef7f1b02ce04026ee96f902,PMC13380974.pdf,2026-07-23,CC BY,https://creativecommons.org/licenses/by/4.0/,approved_open_access,included,ALL_REQUIRED_RULES_PASSED,,sha256:0a2b3956c0e0a7a2e7aa1eb232f75a115c75a58ae0c472f8327a3466078748cf,paper,,,,,,Automated adjudication ruleset: m14-candidate-adjudication-v6
pmc-13371635,Defining Healthy Weight Loss and Target Weight in the Era of Highly Effective Treatment of Patients With Obesity.,Anja Bosy-Westphal; Janna Enderle; Kristina Norman; Manfred J Müller,2026,"Journal of cachexia, sarcopenia and muscle",10.1002/jcsm.70334,42455525,,PMC13371635,https://pmc.ncbi.nlm.nih.gov/articles/PMC13371635/,https://pmc-oa-opendata.s3.amazonaws.com/PMC13371635.1/PMC13371635.1.pdf?md5=3dbe1f5fb037f7f00fe355436dd74c62,PMC13371635.pdf,2026-07-23,CC BY,https://creativecommons.org/licenses/by/4.0/,approved_open_access,included,ALL_REQUIRED_RULES_PASSED,,sha256:8b1cf428ab8253b88839add3544a18c36c5ee66587dc17527dedbbd869daaed7,paper,,,,,,Automated adjudication ruleset: m14-candidate-adjudication-v6
pmc-13358366,Long-Term Obesity Trends in Northern Sweden: Cross-Sectional Data From the MONICA Study (1986-2022).,Mari Modig; Albin Dahlin Almevall; Maria Brännholm Syrjälä; Anna-Karin Lindqvist; Maria Nordendahl; Stefan Söderberg; Viktor Oskarsson; Anna Bengtsson,2026,Obesity science & practice,10.1002/osp4.70170,42445566,,PMC13358366,https://pmc.ncbi.nlm.nih.gov/articles/PMC13358366/,https://pmc-oa-opendata.s3.amazonaws.com/PMC13358366.1/PMC13358366.1.pdf?md5=395460d096fb985863adee7eca467917,PMC13358366.pdf,2026-07-23,CC BY,https://creativecommons.org/licenses/by/4.0/,approved_open_access,included,ALL_REQUIRED_RULES_PASSED,,sha256:d1c0f594f7963478de85fa36eec503edd37027659f7e928d6363e6224fc13420,paper,,,,,,Automated adjudication ruleset: m14-candidate-adjudication-v6
pmc-13365355,Calcium Beta-Hydroxy-Beta-Methylbutyrate-Enriched Nutritional Supplementation During Dietary Weight Loss in Adults With Obesity: A Randomized Controlled Trial.,Jiaojiao Jiang; Yuxiang Liang; Renjie Wang; Wenhua Jiang; Xiaofan Jing; Ming Yang,2026,"Journal of cachexia, sarcopenia and muscle",10.1002/jcsm.70343,42444106,,PMC13365355,https://pmc.ncbi.nlm.nih.gov/articles/PMC13365355/,https://pmc-oa-opendata.s3.amazonaws.com/PMC13365355.1/PMC13365355.1.pdf?md5=af9db58ac7f2c9cdbe1b8a75ea9ca922,PMC13365355.pdf,2026-07-23,CC BY,https://creativecommons.org/licenses/by/4.0/,approved_open_access,included,ALL_REQUIRED_RULES_PASSED,,sha256:593b4faa897c05f3dd27f15dd2b1a4936906cc5896fedf2dc2055d6f7b4e002a,paper,,,,,,Automated adjudication ruleset: m14-candidate-adjudication-v6
pmc-13356956,Pheochromocytoma unmasked by rapid deterioration of previously stable type 2 diabetes.,Nozomi Sasatsuki; Shotaro Nakamura; Naoki Sekine; Takehiro Katahira; Satoshi Kadowaki; Hiroaki Satoh,2026,JCEM case reports,10.1210/jcemcr/luag185,42438811,,PMC13356956,https://pmc.ncbi.nlm.nih.gov/articles/PMC13356956/,https://pmc-oa-opendata.s3.amazonaws.com/PMC13356956.1/PMC13356956.1.pdf?md5=1ca0f424784e3fdffd618d2688d42fa1,PMC13356956.pdf,2026-07-23,CC BY,https://creativecommons.org/licenses/by/4.0/,approved_open_access,included,ALL_REQUIRED_RULES_PASSED,,sha256:a1754f582d6788d8bb87dddc51ede6efe69d98e4ef68c2f281b20064571de4b5,paper,,,,,,Automated adjudication ruleset: m14-candidate-adjudication-v6
pmc-13356962,Thyroid eye disease with teprotumumab-related hyperglycemia associated with increased growth hormone secretion.,Ken Sugawa; Yuji Hataya; Kimiaki Murabe; Kanta Fujimoto; Toshio Iwakura; Naoki Matsuoka,2026,JCEM case reports,10.1210/jcemcr/luag186,42438806,,PMC13356962,https://pmc.ncbi.nlm.nih.gov/articles/PMC13356962/,https://pmc-oa-opendata.s3.amazonaws.com/PMC13356962.1/PMC13356962.1.pdf?md5=b8aea0238069637577dce853ca1ebc9f,PMC13356962.pdf,2026-07-23,CC BY,https://creativecommons.org/licenses/by/4.0/,approved_open_access,included,ALL_REQUIRED_RULES_PASSED,,sha256:f975e3e44b4bdc1ab09027ed73eefdcd87c06712150e6fe652b5d0b07caba0de,paper,,,,,,Automated adjudication ruleset: m14-candidate-adjudication-v6
pmc-13356966,A rare case of gliclazide-induced symptomatic bradycardia in type 2 diabetes mellitus.,Amit Kumar; Sandeep Garg; Praveen Bharti; Bhvika Zutshi; Shweta Ambedare; Vedprakash Yadav,2026,JCEM case reports,10.1210/jcemcr/luag161,42438802,,PMC13356966,https://pmc.ncbi.nlm.nih.gov/articles/PMC13356966/,https://pmc-oa-opendata.s3.amazonaws.com/PMC13356966.1/PMC13356966.1.pdf?md5=e17b471f9ef5054131ebfcb69d0e84f5,PMC13356966.pdf,2026-07-23,CC BY,https://creativecommons.org/licenses/by/4.0/,approved_open_access,included,ALL_REQUIRED_RULES_PASSED,,sha256:4e2701ba594a291cb081ee1011fbe867b8f243de18fc99efcabccd242869ebe5,paper,,,,,,Automated adjudication ruleset: m14-candidate-adjudication-v6
pmc-13356968,Type B insulin resistance syndrome coexisting with aplastic anemia responsive to early immunosuppressive therapy.,Taro Fujisawa; Kazuhisa Takami; Mariko Horikawa; Masahiro Yokoyama; Tomoya Kawashima; Akiyoshi Takami,2026,JCEM case reports,10.1210/jcemcr/luag181,42438801,,PMC13356968,https://pmc.ncbi.nlm.nih.gov/articles/PMC13356968/,https://pmc-oa-opendata.s3.amazonaws.com/PMC13356968.1/PMC13356968.1.pdf?md5=8037ae009926b06e4a6790ddcea9e45b,PMC13356968.pdf,2026-07-23,CC BY,https://creativecommons.org/licenses/by/4.0/,approved_open_access,included,ALL_REQUIRED_RULES_PASSED,,sha256:6321ffebc11f59afab80836d9f6040942c33de4fc0d9b94a61bafb8b0f4b4594,paper,,,,,,Automated adjudication ruleset: m14-candidate-adjudication-v6
pmc-13355781,Association of cardiovascular risk factors in different anthropometric parameters in overweight or obese adults.,Motahareh Hasani; Leila Sheikhi; Soodeh Razeghi Jahromi; Maryam Khazdouz; Saleheh Ahmadzadeh; Zahra Rahimi; Saeed Alinejad; Sahar Mohammadipoornami; Mastaneh Rajabian Tabesh; Maryam Abolhasani,2026,American heart journal plus : cardiology research and practice,10.1016/j.ahjo.2026.100823,42437180,,PMC13355781,https://pmc.ncbi.nlm.nih.gov/articles/PMC13355781/,https://pmc-oa-opendata.s3.amazonaws.com/PMC13355781.1/PMC13355781.1.pdf?md5=a444747f5b86d33638bac7311c1bc4a2,PMC13355781.pdf,2026-07-23,CC BY,https://creativecommons.org/licenses/by/4.0/,approved_open_access,included,ALL_REQUIRED_RULES_PASSED,,sha256:8b6adda7c3c9ab2108d87ebea8b85771df4be6ac1ad4c924b4f43f2fc701ee30,paper,,,,,,Automated adjudication ruleset: m14-candidate-adjudication-v6
pmc-13343728,Metabolic Syndrome as a Determinant of Bidirectional Transitions Between Frailty States: Evidence From the Whitehall II Study.,Steve Kevin Njouonkep Sime; Bi Boli Anselme Stéphane Irié; Etienne Jules; Léopold Fezeu K; Estelle Pujos-Guillot; Blandine Comte,2026,"Journal of cachexia, sarcopenia and muscle",10.1002/jcsm.70341,42417555,,PMC13343728,https://pmc.ncbi.nlm.nih.gov/articles/PMC13343728/,https://pmc-oa-opendata.s3.amazonaws.com/PMC13343728.1/PMC13343728.1.pdf?md5=465d81e20e437f43c946d59538df5261,PMC13343728.pdf,2026-07-23,CC BY,https://creativecommons.org/licenses/by/4.0/,approved_open_access,included,ALL_REQUIRED_RULES_PASSED,,sha256:5701dbeed47ffd9192ba9c152f06514c014ab3f61517f8f4e81ffa90ee1baa99,paper,,,,,,Automated adjudication ruleset: m14-candidate-adjudication-v6
pmc-13341270,Weight Gains Across Adulthood-The ELSA-Brasil Study.,Scheine L Canhada; Paula A Bracco; Maria de Jesus Fonseca; Maria Del Carmen Bisi Molina; Maria Inês Schmidt; Bruce B Duncan,2026,Clinical obesity,10.1111/cob.70095,42414089,,PMC13341270,https://pmc.ncbi.nlm.nih.gov/articles/PMC13341270/,https://pmc-oa-opendata.s3.amazonaws.com/PMC13341270.1/PMC13341270.1.pdf?md5=43a230faca5b52d7c8dbea54f8aa87fe,PMC13341270.pdf,2026-07-23,CC BY,https://creativecommons.org/licenses/by/4.0/,approved_open_access,included,ALL_REQUIRED_RULES_PASSED,,sha256:ad42c205fd8fe71d2a0f01ca60ad704945d85ace27eb203b331b90ad5f70bd67,paper,,,,,,Automated adjudication ruleset: m14-candidate-adjudication-v6
pmc-13316212,"Orforglipron for the treatment of moderate-to-severe obstructive sleep apnea in adults with obesity or overweight: Study design and baseline characteristics of ATTAIN-OSA, a phase 3 trial.",Atul Malhotra; Daniel J Gottlieb; Vaishnavi Kundel; Holger Woehrle; Sujatro Chakladar; Livia Firmino Goncalves; Giulia Calamai,2026,Contemporary clinical trials communications,10.1016/j.conctc.2026.101660,42383207,,PMC13316212,https://pmc.ncbi.nlm.nih.gov/articles/PMC13316212/,https://pmc-oa-opendata.s3.amazonaws.com/PMC13316212.1/PMC13316212.1.pdf?md5=c19255a8dd0c5ad8d80afb38b35bd468,PMC13316212.pdf,2026-07-23,CC BY,https://creativecommons.org/licenses/by/4.0/,approved_open_access,included,ALL_REQUIRED_RULES_PASSED,,sha256:3263bfb6fa94ab82c280f2dfef8eb9182df7f84aab79cd38f88aea89efc55a92,paper,,,,,,Automated adjudication ruleset: m14-candidate-adjudication-v6
pmc-13315826,"Documented Obstructive Sleep Apnea, Cardiometabolic Phenotype, and Rhythm-Related Outcomes After Atrial Fibrillation Ablation: An Observational Cohort Study.",Yazan Mohsen; Iryna Novikov; Shreeram Sabareesan; Kensuke Sakata; Moritz Knitter; Henning Horlitz; Lucas Steffens; Marc Horlitz; Ibrahim Antoun; Florian Stöckigt,2026,Journal of arrhythmia,10.1002/joa3.70410,42382280,,PMC13315826,https://pmc.ncbi.nlm.nih.gov/articles/PMC13315826/,https://pmc-oa-opendata.s3.amazonaws.com/PMC13315826.1/PMC13315826.1.pdf?md5=bec2020751f7be1dbeff18c597198029,PMC13315826.pdf,2026-07-23,CC BY,https://creativecommons.org/licenses/by/4.0/,approved_open_access,included,ALL_REQUIRED_RULES_PASSED,,sha256:d72519089b37133b2be7a87c59458947d145ef580ac45d102922bbcd4be4affc,paper,,,,,,Automated adjudication ruleset: m14-candidate-adjudication-v6
pmc-13313163,Exercise preserves β-cell function in type 2 diabetes by reshaping intra-islet macrophage-β-cell crosstalk.,Miqi Yang; Yanping Zhou; Qing-Qian Wu; Wenjing Zhang; Rui Zhang; Zhuoying Yang; Ting Yu; Ruo-Ran Wang; Hongxing Fu; Qi Fu; Di Chen; Zhuo-Xian Meng; Zhe Yu Zhang,2026,Life metabolism,10.1093/lifemeta/loag014,42375786,,PMC13313163,https://pmc.ncbi.nlm.nih.gov/articles/PMC13313163/,https://pmc-oa-opendata.s3.amazonaws.com/PMC13313163.1/PMC13313163.1.pdf?md5=fdf89967f3c2760ddb1819e9926e97f8,PMC13313163.pdf,2026-07-23,CC BY,https://creativecommons.org/licenses/by/4.0/,approved_open_access,included,ALL_REQUIRED_RULES_PASSED,,sha256:456d9ccd3e354591958f4ecabc5131a1449239c701be4c9db070702bba52166e,paper,,,,,,Automated adjudication ruleset: m14-candidate-adjudication-v6
pmc-13293659,Cognition at the core of metabolic syndrome: linking metabolic load to behavioural impairment in a longitudinal high-fat diet rat model.,Nicolò Ricciardi; Valentina Di Liberto; Danila Di Majo; Antonio Cangelosi; Miriana Scordino; Giulia Urone; Giuseppe Giglia; Alessandro Massaro; Mario Allegra; Maria Ankarcrona; Pierangelo Sardo; Giuseppe Ferraro; Giuditta Gambino,2026,"Brain, behavior, & immunity - health",10.1016/j.bbih.2026.101287,42369346,,PMC13293659,https://pmc.ncbi.nlm.nih.gov/articles/PMC13293659/,https://pmc-oa-opendata.s3.amazonaws.com/PMC13293659.1/PMC13293659.1.pdf?md5=c7acf512062b99495a43ba832882cd1e,PMC13293659.pdf,2026-07-23,CC BY,https://creativecommons.org/licenses/by/4.0/,approved_open_access,included,ALL_REQUIRED_RULES_PASSED,,sha256:212a55402ed46c6e66167cc9d64c3bd9020a8f3e303c51dc3d93a77f0a5c5d87,paper,,,,,,Automated adjudication ruleset: m14-candidate-adjudication-v6
pmc-13382136,Chronic semaglutide alters ingestive behavior without impairing taste function in mice.,Alisha A Acosta; Hillary Ellis; Fang-Yu Hsu; Karen K Yee; Guillaume de Lartigue; Amber L Alhadeff,2026,Molecular metabolism,10.1016/j.molmet.2026.102410,42364710,,PMC13382136,https://pmc.ncbi.nlm.nih.gov/articles/PMC13382136/,https://pmc-oa-opendata.s3.amazonaws.com/PMC13382136.1/PMC13382136.1.pdf?md5=b4efe912ca7f8022410a8e76ce650e4f,PMC13382136.pdf,2026-07-23,CC BY,https://creativecommons.org/licenses/by/4.0/,approved_open_access,included,ALL_REQUIRED_RULES_PASSED,,sha256:22b1df3856b7606d7c5da7853762c4f6f8fe75b923a1e99c1ab18ea4056e8aae,paper,,,,,,Automated adjudication ruleset: m14-candidate-adjudication-v6
pmc-13385004,Built and socioeconomic environment: associations with cancer-risk health behaviors among healthy emerging adults.,Shannon Desbiens; Katie Darabos; Sean McHugh,2026,Journal of behavioral medicine,10.1007/s10865-026-00692-0,42321484,,PMC13385004,https://pmc.ncbi.nlm.nih.gov/articles/PMC13385004/,https://pmc-oa-opendata.s3.amazonaws.com/PMC13385004.1/PMC13385004.1.pdf?md5=2b9a484b9e688cc57245853ea5e2a08d,PMC13385004.pdf,2026-07-23,CC BY,https://creativecommons.org/licenses/by/4.0/,approved_open_access,included,ALL_REQUIRED_RULES_PASSED,,sha256:f4410bf277671199052b295608f3b130079d4f3751ed0e371618f3dd3a38b0cb,paper,,,,,,Automated adjudication ruleset: m14-candidate-adjudication-v6
pmc-13275146,"Sociodemographic and maternal predictors of elevated blood lead levels during pregnancy in Adjara, Georgia.",Sophio Sikharulidze; Charlotta Rylander; William Michael Caudle; Rusudan Shavishvili; Nona Ephadze; Tinatin Gvelesiani; Tinatin Manjavidze,2026,"Environmental epidemiology (Philadelphia, Pa.)",10.1097/EE9.0000000000000496,42317416,,PMC13275146,https://pmc.ncbi.nlm.nih.gov/articles/PMC13275146/,https://pmc-oa-opendata.s3.amazonaws.com/PMC13275146.1/PMC13275146.1.pdf?md5=18c6aac1a39bb31a3bb9721adae7ab56,PMC13275146.pdf,2026-07-23,CC BY,https://creativecommons.org/licenses/by/4.0/,approved_open_access,included,ALL_REQUIRED_RULES_PASSED,,sha256:6745d7b2ae7ad9b681bbd98e28449377ec023eed6486f4c6a2b3cff6954f5c4d,paper,,,,,,Automated adjudication ruleset: m14-candidate-adjudication-v6
pmc-13274556,Weight-Lowering Drugs and Natural Female Fertility-A Systematic Review and Meta-Analysis.,Shaikha Jabor Alnaimi; Dana Muwafag Alsugeir; Li Wei; Kirsten Harvey; Ruth Brauer,2026,Clinical obesity,10.1111/cob.70092,42307450,,PMC13274556,https://pmc.ncbi.nlm.nih.gov/articles/PMC13274556/,https://pmc-oa-opendata.s3.amazonaws.com/PMC13274556.1/PMC13274556.1.pdf?md5=a71ed85b6de84b8b8aa9b68bb8c330f5,PMC13274556.pdf,2026-07-23,CC BY,https://creativecommons.org/licenses/by/4.0/,approved_open_access,included,ALL_REQUIRED_RULES_PASSED,,sha256:75878e6b30c36b27e898ee0f005cb916b04d71f7de1f727f97b62db7f18282f9,paper,,,,,,Automated adjudication ruleset: m14-candidate-adjudication-v6
pmc-13265897,Use of GLP-1 Receptor Agonists and SGLT2 Inhibitors Among Patients with Type 1 Diabetes: A Nationwide Register-Based Cohort Study.,Carl-Emil Lim; Björn Pasternak; Björn Eliasson; Laura Pazzagli; Peter Ueda,2026,The Lancet regional health. Europe,10.1016/j.lanepe.2026.101729,42306189,,PMC13265897,https://pmc.ncbi.nlm.nih.gov/articles/PMC13265897/,https://pmc-oa-opendata.s3.amazonaws.com/PMC13265897.1/PMC13265897.1.pdf?md5=c5e55c8ca27105f32807bcc4aac8907f,PMC13265897.pdf,2026-07-23,CC BY,https://creativecommons.org/licenses/by/4.0/,approved_open_access,included,ALL_REQUIRED_RULES_PASSED,,sha256:2e2f283f8a6f5d6586e9a6736fa920f47bd7f333b453109e65097a445fadaffb,paper,,,,,,Automated adjudication ruleset: m14-candidate-adjudication-v6
pmc-13262276,Comparative Effectiveness and Safety of Once-Weekly Injectable Semaglutide Versus Dulaglutide in Individuals with Type 2 Diabetes Managed in UK Primary Care: A Population-Based Cohort Study.,Franziska S Ulrich; Morten Frost Nielsen; Nicola Napoli; Andrea M Burden,2026,The Lancet regional health. Europe,10.1016/j.lanepe.2026.101738,42294355,,PMC13262276,https://pmc.ncbi.nlm.nih.gov/articles/PMC13262276/,https://pmc-oa-opendata.s3.amazonaws.com/PMC13262276.1/PMC13262276.1.pdf?md5=be1a8e7f117e6e95895aede1fad65884,PMC13262276.pdf,2026-07-23,CC BY,https://creativecommons.org/licenses/by/4.0/,approved_open_access,included,ALL_REQUIRED_RULES_PASSED,,sha256:b37ebc4535a9294b428c322b66505f4e8e5c2a4c4032516837083b643f648e86,paper,,,,,,Automated adjudication ruleset: m14-candidate-adjudication-v6
pmc-13327444,The changing epidemiology of human type 2 diabetes-associated atherosclerosis: Pathophysiological mechanisms and emerging treatment possibilities.,Dania Al-Sharify; Jiangming Sun; Andreas Edsfeldt,2026,Journal of internal medicine,10.1111/joim.70118,42286930,,PMC13327444,https://pmc.ncbi.nlm.nih.gov/articles/PMC13327444/,https://pmc-oa-opendata.s3.amazonaws.com/PMC13327444.1/PMC13327444.1.pdf?md5=cde217c6463bded000dceefe38b2888e,PMC13327444.pdf,2026-07-23,CC BY,https://creativecommons.org/licenses/by/4.0/,approved_open_access,included,ALL_REQUIRED_RULES_PASSED,,sha256:730f206a1c2d541c1542540c5f686ac1c0065dc6849a002994eb394ec59937a9,paper,,,,,,Automated adjudication ruleset: m14-candidate-adjudication-v6
pmc-13251488,A feasibility study of computed tomography muscle phenotyping for physiotherapy selection in peripheral arterial disease.,Matej Pekar; Barbora Ryskova; Lubomir Blaha; Jana Dostalova; Marek Kantor; Otakar Jiravsky,2026,Journal of vascular surgery cases and innovative techniques,10.1016/j.jvscit.2026.102273,42281912,,PMC13251488,https://pmc.ncbi.nlm.nih.gov/articles/PMC13251488/,https://pmc-oa-opendata.s3.amazonaws.com/PMC13251488.1/PMC13251488.1.pdf?md5=7c527cdca46f403e0b6f4fe4b4d36955,PMC13251488.pdf,2026-07-23,CC BY,https://creativecommons.org/licenses/by/4.0/,approved_open_access,included,ALL_REQUIRED_RULES_PASSED,,sha256:56605c5b8c93ede125603e3b2013397d18f369b539743c50009ab1a6ef6febe4,paper,,,,,,Automated adjudication ruleset: m14-candidate-adjudication-v6
pmc-13316306,Chronic viral infection aggravates white adipose tissue dysfunction and liver pathology in obesity.,Katarzyna M Luda; Marianne Agerholm; Si Brask Sonne; Dipsikha Biswas; Lisa DeCamp; Russell G Jones; Allan Randrup Thomsen; Benjamin Anderschou Holbeck Jensen; Jan Pravsgaard Christensen; Kei Sakamoto,2026,Molecular metabolism,10.1016/j.molmet.2026.102394,42264147,,PMC13316306,https://pmc.ncbi.nlm.nih.gov/articles/PMC13316306/,https://pmc-oa-opendata.s3.amazonaws.com/PMC13316306.1/PMC13316306.1.pdf?md5=155b1c6aee9514670fec402fff1bed2c,PMC13316306.pdf,2026-07-23,CC BY,https://creativecommons.org/licenses/by/4.0/,approved_open_access,included,ALL_REQUIRED_RULES_PASSED,,sha256:736513cc84c9e472a66fb728583d51459c49356843f96b57f68209a8e5834253,paper,,,,,,Automated adjudication ruleset: m14-candidate-adjudication-v6
